ticker,cik,company_name,fiscal_year,period_start_date,period_end_date,filed_date,revenue,net_income,operating_cash_flow,revenue_growth_pct,net_margin_pct,has_revenue,has_net_income,has_operating_cash_flow,quality_status,quality_issue_count,quality_notes,revenue_concept,net_income_concept,operating_cash_flow_concept
AAPL,0000320193,Apple Inc.,2021,2020-09-27,2021-09-25,2023-11-03,365817000000.0,94680000000.0,104038000000.0,,25.88179335569424,True,True,True,PASS,0,,RevenueFromContractWithCustomerExcludingAssessedTax,NetIncomeLoss,NetCashProvidedByUsedInOperatingActivities
AAPL,0000320193,Apple Inc.,2022,2021-09-26,2022-09-24,2024-11-01,394328000000.0,99803000000.0,122151000000.0,7.79378760418461,25.309640705199733,True,True,True,PASS,0,,RevenueFromContractWithCustomerExcludingAssessedTax,NetIncomeLoss,NetCashProvidedByUsedInOperatingActivities
AAPL,0000320193,Apple Inc.,2023,2022-09-25,2023-09-30,2025-10-31,383285000000.0,96995000000.0,110543000000.0,-2.800460530319937,25.30623426432028,True,True,True,PASS,0,,RevenueFromContractWithCustomerExcludingAssessedTax,NetIncomeLoss,NetCashProvidedByUsedInOperatingActivities
AAPL,0000320193,Apple Inc.,2024,2023-10-01,2024-09-28,2025-10-31,391035000000.0,93736000000.0,118254000000.0,2.021994077514111,23.971255769943866,True,True,True,PASS,0,,RevenueFromContractWithCustomerExcludingAssessedTax,NetIncomeLoss,NetCashProvidedByUsedInOperatingActivities
AAPL,0000320193,Apple Inc.,2025,2024-09-29,2025-09-27,2025-10-31,416161000000.0,112010000000.0,111482000000.0,6.425511782832749,26.91506412181824,True,True,True,PASS,0,,RevenueFromContractWithCustomerExcludingAssessedTax,NetIncomeLoss,NetCashProvidedByUsedInOperatingActivities
MSFT,0000789019,MICROSOFT CORPORATION,2022,2021-07-01,2022-06-30,2024-07-30,198270000000.0,72738000000.0,89035000000.0,,36.68633681343622,True,True,True,PASS,0,,RevenueFromContractWithCustomerExcludingAssessedTax,NetIncomeLoss,NetCashProvidedByUsedInOperatingActivities
MSFT,0000789019,MICROSOFT CORPORATION,2023,2022-07-01,2023-06-30,2025-07-30,211915000000.0,72361000000.0,87582000000.0,6.8820295556564215,34.14623787839464,True,True,True,PASS,0,,RevenueFromContractWithCustomerExcludingAssessedTax,NetIncomeLoss,NetCashProvidedByUsedInOperatingActivities
MSFT,0000789019,MICROSOFT CORPORATION,2024,2023-07-01,2024-06-30,2026-07-29,245122000000.0,88136000000.0,118548000000.0,15.66996201307127,35.955972944084984,True,True,True,PASS,0,,RevenueFromContractWithCustomerExcludingAssessedTax,NetIncomeLoss,NetCashProvidedByUsedInOperatingActivities
MSFT,0000789019,MICROSOFT CORPORATION,2025,2024-07-01,2025-06-30,2026-07-29,281724000000.0,101832000000.0,136162000000.0,14.932156232406712,36.146015248967075,True,True,True,PASS,0,,RevenueFromContractWithCustomerExcludingAssessedTax,NetIncomeLoss,NetCashProvidedByUsedInOperatingActivities
MSFT,0000789019,MICROSOFT CORPORATION,2026,2025-07-01,2026-06-30,2026-07-29,331839000000.0,133749000000.0,182935000000.0,17.788686799846666,40.30538905915218,True,True,True,PASS,0,,RevenueFromContractWithCustomerExcludingAssessedTax,NetIncomeLoss,NetCashProvidedByUsedInOperatingActivities
NVDA,0001045810,NVIDIA CORP,2022,2021-02-01,2022-01-30,2022-03-18,26914000000.0,9752000000.0,9108000000.0,,36.23393029649996,True,True,True,PASS,0,,RevenueFromContractWithCustomerExcludingAssessedTax,NetIncomeLoss,NetCashProvidedByUsedInOperatingActivities
NVDA,0001045810,NVIDIA CORP,2023,2022-01-31,2023-01-29,2025-02-26,26974000000.0,4368000000.0,5641000000.0,0.22293230289069932,16.193371394676355,True,True,True,PASS,0,,Revenues,NetIncomeLoss,NetCashProvidedByUsedInOperatingActivities
NVDA,0001045810,NVIDIA CORP,2024,2023-01-30,2024-01-28,2026-02-25,60922000000.0,29760000000.0,28090000000.0,125.85452658115224,48.84934834706674,True,True,True,PASS,0,,Revenues,NetIncomeLoss,NetCashProvidedByUsedInOperatingActivities
NVDA,0001045810,NVIDIA CORP,2025,2024-01-29,2025-01-26,2026-02-25,130497000000.0,72880000000.0,64089000000.0,114.20340763599354,55.848027157712444,True,True,True,PASS,0,,Revenues,NetIncomeLoss,NetCashProvidedByUsedInOperatingActivities
NVDA,0001045810,NVIDIA CORP,2026,2025-01-27,2026-01-25,2026-02-25,215938000000.0,120067000000.0,102718000000.0,65.47353579009479,55.60253406070261,True,True,True,PASS,0,,Revenues,NetIncomeLoss,NetCashProvidedByUsedInOperatingActivities
AMZN,0001018724,AMAZON COM INC,2021,2021-01-01,2021-12-31,2024-02-02,469822000000.0,33364000000.0,46327000000.0,,7.101412875514557,True,True,True,PASS,0,,RevenueFromContractWithCustomerExcludingAssessedTax,NetIncomeLoss,NetCashProvidedByUsedInOperatingActivities
AMZN,0001018724,AMAZON COM INC,2022,2022-01-01,2022-12-31,2025-02-07,513983000000.0,-2722000000.0,46752000000.0,9.399517263985091,-0.5295895000418301,True,True,True,PASS,0,,RevenueFromContractWithCustomerExcludingAssessedTax,NetIncomeLoss,NetCashProvidedByUsedInOperatingActivities
AMZN,0001018724,AMAZON COM INC,2023,2023-01-01,2023-12-31,2026-02-06,574785000000.0,30425000000.0,84946000000.0,11.82957412988368,5.293283575597832,True,True,True,PASS,0,,RevenueFromContractWithCustomerExcludingAssessedTax,NetIncomeLoss,NetCashProvidedByUsedInOperatingActivities
AMZN,0001018724,AMAZON COM INC,2024,2024-01-01,2024-12-31,2026-02-06,637959000000.0,59248000000.0,115877000000.0,10.990892246666139,9.287117197186653,True,True,True,PASS,0,,RevenueFromContractWithCustomerExcludingAssessedTax,NetIncomeLoss,NetCashProvidedByUsedInOperatingActivities
AMZN,0001018724,AMAZON COM INC,2025,2025-01-01,2025-12-31,2026-02-06,716924000000.0,77670000000.0,139514000000.0,12.377754683294695,10.83378433418326,True,True,True,PASS,0,,RevenueFromContractWithCustomerExcludingAssessedTax,NetIncomeLoss,NetCashProvidedByUsedInOperatingActivities
META,0001326801,"Meta Platforms, Inc.",2021,2021-01-01,2021-12-31,2024-02-02,117929000000.0,39370000000.0,57683000000.0,,33.38449405998525,True,True,True,PASS,0,,RevenueFromContractWithCustomerExcludingAssessedTax,NetIncomeLoss,NetCashProvidedByUsedInOperatingActivities
META,0001326801,"Meta Platforms, Inc.",2022,2022-01-01,2022-12-31,2025-01-30,116609000000.0,23200000000.0,50475000000.0,-1.1193175554782941,19.895548371051976,True,True,True,PASS,0,,RevenueFromContractWithCustomerExcludingAssessedTax,NetIncomeLoss,NetCashProvidedByUsedInOperatingActivities
META,0001326801,"Meta Platforms, Inc.",2023,2023-01-01,2023-12-31,2026-01-29,134902000000.0,39098000000.0,71113000000.0,15.687468377226455,28.982520644616095,True,True,True,PASS,0,,RevenueFromContractWithCustomerExcludingAssessedTax,NetIncomeLoss,NetCashProvidedByUsedInOperatingActivities
META,0001326801,"Meta Platforms, Inc.",2024,2024-01-01,2024-12-31,2026-01-29,164501000000.0,62360000000.0,91328000000.0,21.941112807816054,37.90858414234564,True,True,True,PASS,0,,RevenueFromContractWithCustomerExcludingAssessedTax,NetIncomeLoss,NetCashProvidedByUsedInOperatingActivities
META,0001326801,"Meta Platforms, Inc.",2025,2025-01-01,2025-12-31,2026-01-29,200966000000.0,60458000000.0,115800000000.0,22.167038498246217,30.08369574952977,True,True,True,PASS,0,,RevenueFromContractWithCustomerExcludingAssessedTax,NetIncomeLoss,NetCashProvidedByUsedInOperatingActivities
